{
  "1": {
    "mean": [
      0.0009401184000000002,
      0.0004963076000000003,
      -2.2744000000001277e-06,
      0.0008854064000000001,
      0.0012559364000000004,
      -0.0005734276,
      0.0003483443999999999
    ],
    "std": [
      0.009678392454873766,
      0.011179399917380458,
      0.008628824787602112,
      0.010853137992060686,
      0.00921636583598042,
      0.009840071861537103,
      0.010294161804225764
    ],
    "Z": [
      0.09713580063872933,
      0.0443948336822979,
      -0.0002635816644774134,
      0.08158068207072412,
      0.13627241174572974,
      -0.05827473702112027,
      0.03383902513141033
    ]
  },
  "2": {
    "mean": [
      0.0010265551999999998,
      -0.0011127744,
      -0.0006169239999999995,
      0.0010619459999999998,
      -0.0005312448000000001,
      0.0015093843999999996,
      0.002036338
    ],
    "std": [
      0.009339119798153623,
      0.009096689363955694,
      0.010459339885104797,
      0.009667312107923896,
      0.010670910596729831,
      0.00985908725200526,
      0.010616487138876586
    ],
    "Z": [
      0.10991990917633944,
      -0.12232740456206041,
      -0.05898307223752852,
      0.10984914815459061,
      -0.049784392361304525,
      0.15309575434510966,
      0.1918090205698192
    ]
  },
  "3": {
    "mean": [
      -0.00047640839999999975,
      -0.00015463640000000015,
      -0.0013644651999999999,
      -0.0006748259999999998,
      7.562199999999953e-05,
      0.001166328400000001,
      0.0008327496000000001
    ],
    "std": [
      0.009668960755988281,
      0.010201159263923834,
      0.009031127765314196,
      0.010284628604182262,
      0.009907514911504094,
      0.011087405439739337,
      0.010126701830896959
    ],
    "Z": [
      -0.049271934391185275,
      -0.015158708534908208,
      -0.15108469677956435,
      -0.0656150091531337,
      0.007632791943839637,
      0.10519398847088803,
      0.0822330521729443
    ]
  },
  "4": {
    "mean": [
      0.0005064700000000004,
      0.0012974179999999994,
      -0.0009301815999999999,
      0.00025462520000000004,
      0.0007422864,
      0.0005373223999999997,
      -0.0005270992000000001
    ],
    "std": [
      0.009837271516905692,
      0.010160468890097347,
      0.010663469903905641,
      0.009914752707793217,
      0.010378918663723261,
      0.011014916409862137,
      0.009916040894248032
    ],
    "Z": [
      0.05148480441244446,
      0.12769272895117037,
      -0.08723066772658196,
      0.025681447384951813,
      0.07151866432815047,
      0.04878134159228947,
      -0.05315621482619671
    ]
  },
  "5": {
    "mean": [
      0.0003950568,
      0.0004435256000000002,
      0.0008158912000000003,
      0.0008564703999999999,
      -0.00010247279999999994,
      -0.0019551487999999997,
      0.0011164672000000002
    ],
    "std": [
      0.010562685055558447,
      0.009405208768260311,
      0.01066924572735836,
      0.01003265939045415,
      0.00903396530468322,
      0.00988819516781028,
      0.010475595418067465
    ],
    "Z": [
      0.03740117194842495,
      0.04715744338358153,
      0.07647131023591205,
      0.0853682325560571,
      -0.011343058838943947,
      -0.19772554716200685,
      0.10657792282378596
    ]
  },
  "6": {
    "mean": [
      -0.0020451488,
      9.538079999999986e-05,
      -0.0008307164000000006,
      0.0012242619999999998,
      0.0003638443999999998,
      -0.0003996135999999998,
      -4.296959999999978e-05
    ],
    "std": [
      0.009829718112200094,
      0.009745806358620478,
      0.010799259839238755,
      0.010105239520266896,
      0.010616862673197417,
      0.008912931419324118,
      0.009426544814411898
    ],
    "Z": [
      -0.20805772623954252,
      0.009786855647468564,
      -0.07692345701152777,
      0.12115121047300668,
      0.03427042537891497,
      -0.04483526027515459,
      -0.004558361610322494
    ]
  }
}