{
  "tau_0_derivation": {
    "phi_power": 11,
    "base_scale_ns": 1,
    "predicted_tau_us": 0.1990050249987407,
    "observed_tau_us": 46
  },
  "spectral_analysis": {
    "peak_frequency": 0.8847847847847848,
    "peak_power": 3.6981120013751743,
    "false_alarm_prob": 0.9185869193285968
  },
  "information_theory": {
    "mutual_information_bits": 0.1375101182932279,
    "normalized_mi": 0.04804470907745868,
    "permutation_p_value": 0.001
  },
  "predictions": {
    "T_us": [
      0.0,
      10.0,
      20.0,
      23.0,
      29.999999999999996,
      40.0,
      46.0,
      49.99999999999999,
      59.99999999999999,
      69.0,
      80.0,
      92.0,
      99.99999999999999,
      114.99999999999999
    ],
    "F_lambda_phi": [
      0.6050291351871531,
      0.5613945546281551,
      0.3384962688468979,
      0.27972640548723704,
      0.21055992464649767,
      0.26013331845066184,
      0.30346813529760736,
      0.3113812318506405,
      0.24019492004701584,
      0.14030407087826588,
      0.10827017841151595,
      0.15221235438937977,
      0.14882957395428537,
      0.07037316434508589
    ],
    "F_standard_qm": [
      0.5,
      0.4303539882125289,
      0.37040911034085894,
      0.3541101767339,
      0.31881407581088667,
      0.2744058180470132,
      0.2507880345330278,
      0.23618327637050737,
      0.20328482987029958,
      0.17761319046247576,
      0.15059710595610104,
      0.12578927652987826,
      0.11156508007421494,
      0.08908652588644922
    ]
  }
}