{
  "n_samples": 580,
  "tests": {
    "t_test": {
      "t_statistic": 1.2329254309828035,
      "p_value": 0.2193787766851743,
      "significant": 